"pid","source","alias","language"
"86","user/1","users/tsmith","und"
"87","node/1","project/tulsa-air-land-and-sea-weekend","und"
"88","node/2","project/fixin-texan-miscellany","und"
"89","node/3","project/nsac-2010","und"
"90","node/4","project/packaging-design-spring-2010","und"
"91","node/5","project/pac-trust-season-teaser","und"
"92","node/6","project/2010-texas-commencement","und"
"93","node/7","project/taf-golf-tournament","und"
"94","node/8","project/freshman-leadership-institute-logo","und"
"95","node/9","project/maestro-theatre-2010-flyer","und"
"96","node/10","project/rocky-horror-show","und"
"97","node/11","project/eye-god-poster","und"
"98","node/12","project/olden-lighting-website","und"
"99","node/13","project/tulsa-camerata-brochure","und"
"100","node/14","project/oktoberfest-brochure","und"
"101","node/15","project/visual-thinking-faculty-show-2010","und"
"102","node/16","project/west-side-story","und"
"103","node/17","project/club-209-website-and-photography","und"
"104","node/18","project/tsmithcreative-2010-christmas-card","und"
"105","node/19","project/addy44","und"
"106","node/20","project/gospel-grits-and-gershwin","und"
"107","node/21","project/artscape-2011","und"
"108","node/22","project/graduation-announcement","und"
"109","node/23","project/downtown-coordinating-council","und"
"110","node/24","project/williams","und"
"111","node/25","project/greenroom","und"
"112","node/26","project/tulsa-2013-convention-website","und"
"113","node/27","email-me","und"
"114","node/29","project/list-exclusion-plugin","und"
"115","node/30","project/wp-backup-and-migrate-scripts","und"
"116","node/31","project/tristesse-grief-center-website","und"
"117","node/32","project/chorus-line","und"
"118","node/33","project/aaft-golf-tournament-2012","und"
"119","node/34","project/addy45","und"
"120","node/35","project/tulsa-camerata-poster-mailer","und"
"121","node/36","project/artscape-2012","und"
"122","node/37","project/wallace-engineering","und"
"123","node/38","gallery/theatre","und"
"125","node/40","project/tulsa-international-airport","und"
"126","node/41","project/guthrie-green","und"
"128","node/42","article/custom-styles-wordpress-visual-editor","und"
"129","node/43","project/policy-truth","und"
"130","node/44","single-image/tulsa-deco-skyline","und"
"131","node/45","single-image/pennybacker-bridge","und"
"132","node/46","single-image/mopac-bridge","und"
"133","node/47","single-image/pennybacker-bridge-overlook-tree","und"
"134","node/48","file/resume","und"
"135","node/49","file/theatrical-resume","und"
"136","node/50","article/gittin-started-pantheon-multidev-fk","und"
"137","node/51","single-image/me-downtown-nikon","und"
"138","node/52","project/university-policy-office","und"
"139","node/53","article/change-page-template-based-panels-layout","und"
"140","node/54","project/murff-riley-wedding","und"
"141","node/55","project/scarlet-pimpernel","und"
"142","node/56","single-image/capitol-dome","und"
"143","node/57","project/typsetwithme","und"
"144","node/58","project/scrummy","und"
"145","node/59","project/beauty-and-beast","und"
"146","node/60","article/nodejs-rpi-ikea-trophy-lighting","und"
"149","node/62","article/building-personalized-portfolio-experience-drupal-7","und"
"152","node/64","article/rescuing-myself-email-monster-javascript-fk","und"
"153","node/65","single-image/proof-climb-lake-mills-rocky-mountain-national-park","und"
"154","node/66","article/callboard","und"
"156","node/68","article/nth-child-mathematics","und"
"157","node/69","project/world-pulse","und"
"158","node/70","project/sweeney-todd","und"
"159","node/71","single-image/portrait-nikon","und"
"161","node/73","project/forcepoint","und"
"162","node/74","project/intro-singularity","und"
"164","node/75","article/cleaner-history-interactive-commit-building-git","und"
